cluster,severity,n,mean_empathy,mean_sentiment
0,acute,384,0.0,-0.0574
0,chronic,1482,0.0041,-0.0496
1,acute,37,0.0043,-0.3005
1,chronic,737,0.0041,-0.2807
2,acute,56,0.0029,-0.1063
2,chronic,852,0.0015,-0.0301
3,acute,347,0.0059,-0.3798
3,chronic,481,0.0066,-0.2363
4,acute,261,0.0023,-0.5077
4,chronic,1398,0.0058,-0.3353
5,acute,25,0.0,-0.2573
5,chronic,573,0.0034,0.1653
6,acute,58,0.0,-0.3788
6,chronic,529,0.0037,-0.227
7,acute,24,0.0,-0.4907
7,chronic,944,0.003,-0.2571
8,acute,199,0.0,-0.6363
8,chronic,1123,0.0025,-0.6185
9,acute,15,0.0,-0.496
9,chronic,807,0.0018,-0.2528
10,acute,1113,0.0008,-0.2672
10,chronic,676,0.0009,-0.3707
