medical_topic,best_nonmedical_match,jaccard_similarity,medical_top_words,nonmedical_top_words
0,7,0.3043,"bipolar, day, depression, help, life","always, day, even, help, like"
1,3,0.0714,"ana, anyone, back, blood, diagnosed","attorney, back, child, court, family"
2,5,0.3043,"diagnosed, even, life, make, ocd","day, dog, like, make, much"
3,12,0.2,"back, blood, chest, day, left","back, car, company, day, insurance"
4,6,0.2,"blood, chest, day, fatigue, heart","apartment, day, landlord, lease, month"
5,6,0.1111,"anyone, brain, diagnosed, experience, first","apartment, day, landlord, lease, month"
6,7,0.2,"anxiety, attack, day, even, feeling","always, day, even, help, like"
7,1,0.1538,"antibiotic, back, cough, covid, day","anything, back, call, called, car"
8,12,0.3043,"appointment, back, day, month, mri","back, car, company, day, insurance"
9,7,0.4286,"back, day, even, life, make","always, day, even, help, like"
10,8,0.3636,"appointment, back, day, even, help","back, day, even, friend, guy"
11,8,0.2,"back, day, foot, hand, hip","back, day, even, friend, guy"
12,8,0.2,"back, day, eye, issue, month","back, day, even, friend, guy"
13,7,0.1111,"blood, day, diabetes, diet, eat","always, day, even, help, like"
14,7,0.3636,"cancer, chemo, day, even, help","always, day, even, help, like"
